" The customer doesn\'t exist in the system anymore"," The customer doesn\'t exist in the system anymore"
" and "," and "
"(Absolute path or Relative to Magento install root, ex. var/export)","(Absolute path or Relative to Magento install root, ex. var/export)"
"(For US 2-letter state names)","(For US 2-letter state names)"
"(If left empty will be auto-generated)","(If left empty will be auto-generated)"
"(Leave empty for first spreadsheet)","(Leave empty for first spreadsheet)"
"(Products will be added/updated to this store if 'store' column is blank or missing in the import file.)","(Products will be added/updated to this store if 'store' column is blank or missing in the import file.)"
"(Shift-)Click or drag to change value","(Shift-)Click or drag to change value"
"(Starting with)","(Starting with)"
"(When 'No', only mapped fields will be imported. When mapping, use 'column1', 'column2', etc.)","(When 'No', only mapped fields will be imported. When mapping, use 'column1', 'column2', etc.)"
"(You have to increase php memory_limit before changing this value)","(You have to increase php memory_limit before changing this value)"
"(\\t for tab)","(\\t for tab)"
"* - If indexing is in progress, it will be killed and new indexing process will start","* - If indexing is in progress, it will be killed and new indexing process will start"
"- Click on any of the time parts to increase it","- Click on any of the time parts to increase it"
"- Hold mouse button on any of the above buttons for faster selection.","- Hold mouse button on any of the above buttons for faster selection."
"- Use the %s buttons to select month","- Use the %s buttons to select month"
"- Use the %s, %s buttons to select year","- Use the %s, %s buttons to select year"
"- or Shift-click to decrease it","- or Shift-click to decrease it"
"- or click and drag for faster selection.","- or click and drag for faster selection."
"-- Please Select --","-- Please Select --"
"-- Please select --","-- Please select --"
"-- Please select a category --","-- Please select a category --"
"--Please Select--","--Please Select--"
"1 Hour","1 Hour"
"12 Hours","12 Hours"
"12h AM/PM","12h AM/PM"
"2 Hours","2 Hours"
"24 Hours","24 Hours"
"24h","24h"
"2YTD","2YTD"
"6 Hours","6 Hours"
"<h1 class=""page-heading"">404 Error</h1><p>Page not found.</p>","<h1 class=""page-heading"">404 Error</h1><p>Page not found.</p>"
"A new password was sent to your email address. Please check your email and click Back to Login.","A new password was sent to your email address. Please check your email and click Back to Login."
"API Stability","API Stability"
"API Version","API Version"
"API:","API:"
"About the calendar","About the calendar"
"Access Denied.","Access Denied."
"Access Deny","Access Deny"
"Access denied","Access denied"
"Access denied.","Access denied."
"Account Created in:","Account Created in:"
"Account Created on (%s):","Account Created on (%s):"
"Account Created on:","Account Created on:"
"Account Information","Account Information"
"Account status","Account status"
"Account successfully saved","Account successfully saved"
"Action","Action"
"Actions","Actions"
"Actions XML","Actions XML"
"Active","Active"
"Add","Add"
"Add Contents Path","Add Contents Path"
"Add Exception","Add Exception"
"Add Field Mapping","Add Field Mapping"
"Add Field with URL:","Add Field with URL:"
"Add Gift Card","Add Gift Card"
"Add Maintainer","Add Maintainer"
"Add New Image","Add New Image"
"Add New Profile","Add New Profile"
"Add New Role","Add New Role"
"Add New Template","Add New Template"
"Add New URL Rewrite","Add New URL Rewrite"
"Add New User","Add New User"
"Add New osCommerce Profile","Add New osCommerce Profile"
"Add PHP Extension dependency","Add PHP Extension dependency"
"Add Package dependency","Add Package dependency"
"Add Subpackage dependency","Add Subpackage dependency"
"Add URL Rewrite","Add URL Rewrite"
"Add URL Rewrite for a Category","Add URL Rewrite for a Category"
"Add URL Rewrite for a Product","Add URL Rewrite for a Product"
"Add after","Add after"
"Add new Role","Add new Role"
"Add new store view map","Add new store view map"
"Address Type:","Address Type:"
"Admin","Admin"
"Advanced Admin Section","Advanced Admin Section"
"Advanced Profiles","Advanced Profiles"
"Advanced Section","Advanced Section"
"Aggregate Order","Aggregate Order"
"All","All"
"All Allowed Countries","All Allowed Countries"
"All Cache","All Cache"
"All Files","All Files"
"All Store Views","All Store Views"
"All Tags","All Tags"
"All Websites","All Websites"
"All countries","All countries"
"All fields","All fields"
"All possible rates were fetched, click on ""Save"" to apply","All possible rates were fetched, click on ""Save"" to apply"
"All rates were fetched, click on ""Save"" to apply","All rates were fetched, click on ""Save"" to apply"
"All valid rates successfully saved","All valid rates successfully saved"
"Amounts","Amounts"
"Any","Any"
"Any Attribute Set","Any Attribute Set"
"Any Group","Any Group"
"Any Status","Any Status"
"Any Store","Any Store"
"Any Type","Any Type"
"Any Visibility","Any Visibility"
"Api Key","Api Key"
"Api Key Confirmation","Api Key Confirmation"
"Archive file name:","Archive file name:"
"Are you sure that you want to delete this template?","Are you sure that you want to delete this template?"
"Are you sure that you want to strip tags?","Are you sure that you want to strip tags?"
"Are you sure you want to do this?","Are you sure you want to do this?"
"Are you sure you wish to INSTALL all selected packages?","Are you sure you wish to INSTALL all selected packages?"
"Are you sure you wish to UNINSTALL all selected packages?","Are you sure you wish to UNINSTALL all selected packages?"
"Are you sure you wish to UPGRADE all selected packages?","Are you sure you wish to UPGRADE all selected packages?"
"Area","Area"
"Assigned","Assigned"
"Attribute Set Name:","Attribute Set Name:"
"Attribute set successfully saved.","Attribute set successfully saved."
"Attribute set was successfully removed.","Attribute set was successfully removed."
"Attributes","Attributes"
"Available Products","Available Products"
"Available Version","Available Version"
"Average Order Amount","Average Order Amount"
"Average Orders","Average Orders"
"Back","Back"
"Back to Login","Back to Login"
"Back to local packages","Back to local packages"
"Backup","Backup"
"Backup record was deleted","Backup record was deleted"
"Backup successfully created","Backup successfully created"
"Backups","Backups"
"Base currency","Base currency"
"Bcc","Bcc"
"Bestsellers","Bestsellers"
"Big Image","Big Image"
"Billing Address","Billing Address"
"Billing address","Billing address"
"Block Information","Block Information"
"Both (without and with tax)","Both (without and with tax)"
"Browse Available Extensions","Browse Available Extensions"
"Browse Available Remote Extensions","Browse Available Remote Extensions"
"Browse Files...","Browse Files..."
"Bundle Items","Bundle Items"
"Bundle with dynamic pricing cannot include custom defined options. Options will not be saved.","Bundle with dynamic pricing cannot include custom defined options. Options will not be saved."
"CRITICAL","CRITICAL"
"CSV","CSV"
"CSV / Tab separated","CSV / Tab separated"
"Cache Control","Cache Control"
"Cache Control (beta)","Cache Control (beta)"
"Cache Management","Cache Management"
"Can not add new comment.","Can not add new comment."
"Can not add tracking number.","Can not add tracking number."
"Can not delete tracking number.","Can not delete tracking number."
"Can not do credit memo for order","Can not do credit memo for order"
"Can not do invoice for order","Can not do invoice for order"
"Can not do shipment for order separate from invoice.","Can not do shipment for order separate from invoice."
"Can not do shipment for order.","Can not do shipment for order."
"Can not initialize shipment for adding tracking number.","Can not initialize shipment for adding tracking number."
"Can not initialize shipment for delete tracking number.","Can not initialize shipment for delete tracking number."
"Can not load track with retrieving identifier.","Can not load track with retrieving identifier."
"Can not retrieve tracking number detail.","Can not retrieve tracking number detail."
"Can not save credit memo","Can not save credit memo"
"Can not save invoice","Can not save invoice"
"Can not save shipment.","Can not save shipment."
"Can not send shipment information.","Can not send shipment information."
"Can not update item qty","Can not update item qty"
"Can't delete design change","Can't delete design change"
"Can\'t find email address.","Can\'t find email address."
"Cancel","Cancel"
"Card Verification Number","Card Verification Number"
"Catalog","Catalog"
"Catalog Index rebuild error. Please try again later","Catalog Index rebuild error. Please try again later"
"Catalog Index was rebuilt successfully","Catalog Index was rebuilt successfully"
"Catalog Rewrites","Catalog Rewrites"
"Catalog Rewrites was refreshed successfully","Catalog Rewrites was refreshed successfully"
"Catalog Rewrites were refreshed successfully","Catalog Rewrites were refreshed successfully"
"CatalogInventory Stock Status rebuild error. Please try again later","CatalogInventory Stock Status rebuild error. Please try again later"
"CatalogInventory Stock Status was rebuilt successfully","CatalogInventory Stock Status was rebuilt successfully"
"Category","Category"
"Category:","Category:"
"Changelog","Changelog"
"Channel","Channel"
"Channel:","Channel:"
"Checkbox","Checkbox"
"Choose Store View","Choose Store View"
"Choose an attribute","Choose an attribute"
"Clear","Clear"
"Close","Close"
"Comment text field can not be empty.","Comment text field can not be empty."
"Comments History","Comments History"
"Complete","Complete"
"Configuration","Configuration"
"Configuration successfully saved","Configuration successfully saved"
"Confirmed email:","Confirmed email:"
"Conflicts","Conflicts"
"Connect with the Magento Community","Connect with the Magento Community"
"Content","Content"
"Contents","Contents"
"Convert to Plain Text","Convert to Plain Text"
"Cookie (Unsafe)","Cookie (Unsafe)"
"Country","Country"
"Country:","Country:"
"Coupon Code","Coupon Code"
"Coupons","Coupons"
"Create","Create"
"Create DB Backup","Create DB Backup"
"Create Extension Package","Create Extension Package"
"Create New Attribute","Create New Attribute"
"Create New Staging Store View","Create New Staging Store View"
"Create URL Rewrite:","Create URL Rewrite:"
"Create a backup","Create a backup"
"Created At","Created At"
"Credit Card Number","Credit Card Number"
"Credit Card Number: xxxx-%s","Credit Card Number: xxxx-%s"
"Credit Card Type","Credit Card Type"
"Credit Card Type: %s","Credit Card Type: %s"
"Credit Memo #%s comment added","Credit Memo #%s comment added"
"Credit Memo #%s created","Credit Memo #%s created"
"Credit Memo History","Credit Memo History"
"Credit Memo Totals","Credit Memo Totals"
"Credit Memo cancel error.","Credit Memo cancel error."
"Credit Memo total must be positive.","Credit Memo total must be positive."
"Credit Memo void error","Credit Memo void error"
"Credit Memo was successfully canceled.","Credit Memo was successfully canceled."
"Credit Memo was successfully created","Credit Memo was successfully created"
"Credit Memo was successfully voided","Credit Memo was successfully voided"
"Currency","Currency"
"Currency Information","Currency Information"
"Currency Setup Section","Currency Setup Section"
"Current Configuration Scope:","Current Configuration Scope:"
"Current Release Information","Current Release Information"
"Custom","Custom"
"Customer","Customer"
"Customer Group:","Customer Group:"
"Customer Name","Customer Name"
"Customer Since:","Customer Since:"
"Customer was deleted","Customer was deleted"
"Customer was successfully saved","Customer was successfully saved"
"Customer with the same email already exists.","Customer with the same email already exists."
"Customers","Customers"
"DHTML Date/Time Selector","DHTML Date/Time Selector"
"Dashboard","Dashboard"
"Data Format","Data Format"
"Data transfer:","Data transfer:"
"Date","Date"
"Date & Time","Date & Time"
"Date Added","Date Added"
"Date Updated","Date Updated"
"Date selection:","Date selection:"
"Date selector","Date selector"
"Date:","Date:"
"Day","Day"
"Decimal separator:","Decimal separator:"
"Default (Admin) Values","Default (Admin) Values"
"Default Config","Default Config"
"Default Template from Locale","Default Template from Locale"
"Default Values","Default Values"
"Default display currency ""%s"" is not available in allowed currencies","Default display currency ""%s"" is not available in allowed currencies"
"Default scope","Default scope"
"Delete","Delete"
"Delete %s","Delete %s"
"Delete %s '%s'","Delete %s '%s'"
"Delete Profile","Delete Profile"
"Delete Role","Delete Role"
"Delete Store View","Delete Store View"
"Delete Template","Delete Template"
"Delete User","Delete User"
"Delete Website","Delete Website"
"Dependencies","Dependencies"
"Description","Description"
"Description:","Description:"
"Design","Design"
"Design Section","Design Section"
"Design change deleted","Design change deleted"
"Design change saved","Design change saved"
"Developer Section","Developer Section"
"Direction:","Direction:"
"Disable","Disable"
"Disabled","Disabled"
"Discount Amount","Discount Amount"
"Display %s first","Display %s first"
"Display default currency","Display default currency"
"Distributed under GNU LGPL. See %s for details.","Distributed under GNU LGPL. See %s for details."
"Do you really want to KILL parallel process and start new indexing process?","Do you really want to KILL parallel process and start new indexing process?"
"Done By:","Done By:"
"Done by:","Done by:"
"Download Remote File","Download Remote File"
"Download and Install","Download and Install"
"Downloading and installing $pkg, please wait...","Downloading and installing $pkg, please wait..."
"Drag to move","Drag to move"
"Drop-down","Drop-down"
"Edit","Edit"
"Edit Email Template","Edit Email Template"
"Edit Poll","Edit Poll"
"Edit Role","Edit Role"
"Edit Store View","Edit Store View"
"Edit System Template","Edit System Template"
"Edit Tag","Edit Tag"
"Edit Template","Edit Template"
"Edit URL Rewrite","Edit URL Rewrite"
"Edit User","Edit User"
"Edit User '%s'","Edit User '%s'"
"Edit Website","Edit Website"
"Email","Email"
"Email Address:","Email Address:"
"Email Preview","Email Preview"
"Email address is empty.","Email address is empty."
"Email to a Friend","Email to a Friend"
"Email:","Email:"
"Enable","Enable"
"Enabled","Enabled"
"Enclose Values In:","Enclose Values In:"
"Entity Type","Entity Type"
"Entity type:","Entity type:"
"Error uploading the file","Error uploading the file"
"Error while cleared Image cache. Please try again later","Error while cleared Image cache. Please try again later"
"Error while create backup. Please try again later","Error while create backup. Please try again later"
"Error while deleting this role. Please try again later.","Error while deleting this role. Please try again later."
"Error while deleting this set.","Error while deleting this set."
"Error while deleting this template. Please try again later.","Error while deleting this template. Please try again later."
"Error while finished process. Please refresh cache","Error while finished process. Please refresh cache"
"Error while refreshed Catalog Rewrites. Please try again later","Error while refreshed Catalog Rewrites. Please try again later"
"Error while refreshed Layered Navigation Indices. Please try again later","Error while refreshed Layered Navigation Indices. Please try again later"
"Error while saving account. Please check all required fields","Error while saving account. Please check all required fields"
"Error while saving account. Please try again later","Error while saving account. Please try again later"
"Error while saving this configuration: ","Error while saving this configuration: "
"Error while saving this role. Please try again later.","Error while saving this role. Please try again later."
"Error while saving this template. Please try again later.","Error while saving this template. Please try again later."
"Error while updating selected review(s). Please try again later.","Error while updating selected review(s). Please try again later."
"Excl. Tax","Excl. Tax"
"Exclude","Exclude"
"Exclude (comma separated)","Exclude (comma separated)"
"Expiration Date","Expiration Date"
"Expiration Date: %s/%s","Expiration Date: %s/%s"
"Export","Export"
"Export CSV","Export CSV"
"Export Filters","Export Filters"
"Export to:","Export to:"
"Export:","Export:"
"Extension","Extension"
"Extension Name","Extension Name"
"Extensions","Extensions"
"FTP Host[:Port]","FTP Host[:Port]"
"Failed to add a product to cart by id ""%s""","Failed to add a product to cart by id ""%s"""
"Failed to load %1$s.xml or %1$s.ser","Failed to load %1$s.xml or %1$s.ser"
"Field","Field"
"Field Mapping","Field Mapping"
"File","File"
"File Information","File Information"
"File name:","File name:"
"File size should be more than 0 bytes","File size should be more than 0 bytes"
"Final Price","Final Price"
"Finished profile execution.","Finished profile execution."
"First Name","First Name"
"First Name:","First Name:"
"Firstname","Firstname"
"Fixed","Fixed"
"Flat Catalog Category rebuild error","Flat Catalog Category rebuild error"
"Flat Catalog Category was rebuilt successfully","Flat Catalog Category was rebuilt successfully"
"Flat Catalog Product rebuild error. Please try again later","Flat Catalog Product rebuild error. Please try again later"
"Flat Catalog Product was rebuilt successfully","Flat Catalog Product was rebuilt successfully"
"Folder","Folder"
"For category","For category"
"For latest version visit: %s","For latest version visit: %s"
"For product","For product"
"Forgot your password?","Forgot your password?"
"Forgot your user name or password?","Forgot your user name or password?"
"From","From"
"Gb","Gb"
"General Information","General Information"
"General Section","General Section"
"Get Image Base64","Get Image Base64"
"Get help for this page","Get help for this page"
"Global Attribute","Global Attribute"
"Global Record Search","Global Record Search"
"Global Search","Global Search"
"Go Today","Go Today"
"Google Base","Google Base"
"Google Base Items","Google Base Items"
"Grand Total","Grand Total"
"Grid (default) / List","Grid (default) / List"
"Grid only","Grid only"
"Group:","Group:"
"Guest","Guest"
"HTTP (unsecure)","HTTP (unsecure)"
"HTTPS (SSL)","HTTPS (SSL)"
"Help Us Keep Magento Healthy - Report All Bugs","Help Us Keep Magento Healthy - Report All Bugs"
"Home","Home"
"ID","ID"
"ID Path","ID Path"
"IP Address","IP Address"
"If this message persists, please contact the store owner.","If this message persists, please contact the store owner."
"Ignore","Ignore"
"Image cache was cleared successfully","Image cache was cleared successfully"
"Images","Images"
"Images (.gif, .jpg, .png)","Images (.gif, .jpg, .png)"
"Images Cache","Images Cache"
"Import","Import"
"Import Service","Import Service"
"Import/Export","Import/Export"
"Import/Export Advanced","Import/Export Advanced"
"Import/Export Profile","Import/Export Profile"
"Imported <strong>%s</strong> records","Imported <strong>%s</strong> records"
"In","In"
"In Database:","In Database:"
"In File:","In File:"
"Inactive","Inactive"
"Incl. Tax","Incl. Tax"
"Include","Include"
"Incoming Message","Incoming Message"
"Individual Item","Individual Item"
"Install","Install"
"Install Package File","Install Package File"
"Installed As","Installed As"
"Installed Extension Info","Installed Extension Info"
"Installed Version","Installed Version"
"Installing $pkg, please wait...","Installing $pkg, please wait..."
"Installing selected packages, please wait...","Installing selected packages, please wait..."
"Instant Payment Notification (IPN)","Instant Payment Notification (IPN)"
"Interactive","Interactive"
"Interface Locale: %s","Interface Locale: %s"
"Invalid Form Key. Please refresh the page.","Invalid Form Key. Please refresh the page."
"Invalid Import Service Specified","Invalid Import Service Specified"
"Invalid POST data (please check post_max_size and upload_max_filesize settings in you php.ini file)","Invalid POST data (please check post_max_size and upload_max_filesize settings in you php.ini file)"
"Invalid Secret Key. Please refresh the page.","Invalid Secret Key. Please refresh the page."
"Invalid URL","Invalid URL"
"Invalid Username or Password.","Invalid Username or Password."
"Invalid directory: %s","Invalid directory: %s"
"Invalid email address ""%s""","Invalid email address ""%s"""
"Invalid file: %s","Invalid file: %s"
"Invalid input data for %s => %s rate","Invalid input data for %s => %s rate"
"Invalid input:","Invalid input:"
"Invalid parrent block for this block","Invalid parrent block for this block"
"Invalid section value","Invalid section value"
"Invalid sender name ""%s""","Invalid sender name ""%s"""
"Invalid store value","Invalid store value"
"Invalid website value","Invalid website value"
"Inventory Stock Status","Inventory Stock Status"
"Invoice #%s comment added","Invoice #%s comment added"
"Invoice #%s created","Invoice #%s created"
"Invoice History","Invoice History"
"Invoice Totals","Invoice Totals"
"Invoice and shipment was successfully created.","Invoice and shipment was successfully created."
"Invoice cancel error.","Invoice cancel error."
"Invoice capture error","Invoice capture error"
"Invoice void error","Invoice void error"
"Invoice was successfully canceled.","Invoice was successfully canceled."
"Invoice was successfully captured","Invoice was successfully captured"
"Invoice was successfully created.","Invoice was successfully created."
"Invoice was successfully voided","Invoice was successfully voided"
"Issue Number","Issue Number"
"Issuer: %s","Issuer: %s"
"Items","Items"
"Kb","Kb"
"Last 24 hours","Last 24 hours"
"Last 5 Orders","Last 5 Orders"
"Last 5 Search Terms","Last 5 Search Terms"
"Last 7 days","Last 7 days"
"Last Logged In (%s):","Last Logged In (%s):"
"Last Logged In:","Last Logged In:"
"Last Month","Last Month"
"Last Name","Last Name"
"Last Name:","Last Name:"
"Lastname","Lastname"
"Latest Message:","Latest Message:"
"Layered Navigation Indices","Layered Navigation Indices"
"Layered Navigation Indices was refreshed successfully","Layered Navigation Indices was refreshed successfully"
"Layered Navigation Indices were refreshed successfully","Layered Navigation Indices were refreshed successfully"
"Layered Navigation indexing queue cancelled","Layered Navigation indexing queue cancelled"
"Layered Navigation indexing queued","Layered Navigation indexing queued"
"Layered Navigation process queued to be killed","Layered Navigation process queued to be killed"
"Leave empty to use tax identifier","Leave empty to use tax identifier"
"Level","Level"
"License","License"
"License URI","License URI"
"License:","License:"
"Lifetime Sales","Lifetime Sales"
"Links","Links"
"List (default) / Grid","List (default) / Grid"
"List only","List only"
"Load Template","Load Template"
"Load default template","Load default template"
"Load local Package","Load local Package"
"Loading...","Loading..."
"Local Server","Local Server"
"Local/Remote Server","Local/Remote Server"
"Locale","Locale"
"Log Out","Log Out"
"Log in to Admin Panel","Log in to Admin Panel"
"Log into Magento Admin Page","Log into Magento Admin Page"
"Logged in as %s","Logged in as %s"
"Login","Login"
"MAJOR","MAJOR"
"MINOR","MINOR"
"MS Excel XML","MS Excel XML"
"Magento Admin","Magento Admin"
"Magento Commerce - Administrative Panel","Magento Commerce - Administrative Panel"
"Magento Connect","Magento Connect"
"Magento Connect Manager","Magento Connect Manager"
"Magento Logo","Magento Logo"
"Magento is a trademark of Irubin Consulting Inc. DBA Varien. Copyright &copy; %s Irubin Consulting Inc.","Magento is a trademark of Irubin Consulting Inc. DBA Varien. Copyright &copy; %s Irubin Consulting Inc."
"Magento ver. %s","Magento ver. %s"
"Magento&trade; is a trademark of Irubin Consulting Inc. DBA Varien.<br/>Copyright &copy; %s Irubin Consulting Inc.","Magento&trade; is a trademark of Irubin Consulting Inc. DBA Varien.<br/>Copyright &copy; %s Irubin Consulting Inc."
"Maintainers","Maintainers"
"Manage Currency Rates","Manage Currency Rates"
"Manage Customers","Manage Customers"
"Manage Installed Extensions","Manage Installed Extensions"
"Manage Ratings","Manage Ratings"
"Manage Stores","Manage Stores"
"Manage osCommerce Orders","Manage osCommerce Orders"
"Manage osCommerce Profiles","Manage osCommerce Profiles"
"Matched expression","Matched expression"
"Max","Max"
"Maximum","Maximum"
"Mb","Mb"
"Media (.avi, .flv, .swf)","Media (.avi, .flv, .swf)"
"Merge Now","Merge Now"
"Messages Inbox","Messages Inbox"
"Min","Min"
"Minimum","Minimum"
"Month","Month"
"Most Viewed Products","Most Viewed Products"
"Multiple Select","Multiple Select"
"My Account","My Account"
"N/A","N/A"
"NOTICE","NOTICE"
"Name","Name"
"Name on Card","Name on Card"
"Name on the Card: %s","Name on the Card: %s"
"Name:","Name:"
"New Accounts","New Accounts"
"New Api Key","New Api Key"
"New Customers","New Customers"
"New Email Template","New Email Template"
"New Extension","New Extension"
"New Item Type","New Item Type"
"New Password","New Password"
"New Profile","New Profile"
"New Store View","New Store View"
"New System Template","New System Template"
"New Tag","New Tag"
"New Template","New Template"
"New User","New User"
"New Website","New Website"
"New admin password","New admin password"
"Next month (hold for menu)","Next month (hold for menu)"
"Next page","Next page"
"Next year (hold for menu)","Next year (hold for menu)"
"No","No"
"No (price without tax)","No (price without tax)"
"No Data Found","No Data Found"
"No Extensions Found","No Extensions Found"
"No Templates Found","No Templates Found"
"No change","No change"
"No profile","No profile"
"No profile loaded...","No profile loaded..."
"No records found for this period.","No records found for this period."
"No records found.","No records found."
"No search keywords.","No search keywords."
"No search modules registered","No search modules registered"
"None","None"
"Note:","Note:"
"Notes","Notes"
"Notes:","Notes:"
"Number of Orders","Number of Orders"
"Number of Use","Number of Use"
"Number of Uses","Number of Uses"
"Number of records:","Number of records:"
"Old rate:","Old rate:"
"One of options row has error","One of options row has error"
"Only attributes with scope ""Global"", input type ""Dropdown"" and Use To Create Configurable Product ""Yes"" are available.","Only attributes with scope ""Global"", input type ""Dropdown"" and Use To Create Configurable Product ""Yes"" are available."
"Only mapped fields","Only mapped fields"
"Optional","Optional"
"Options","Options"
"Order #%s","Order #%s"
"Order #%s (%s)","Order #%s (%s)"
"Order Totals","Order Totals"
"Order confirmation email not sent","Order confirmation email not sent"
"Order confirmation email sent","Order confirmation email sent"
"Order not longer exist","Order not longer exist"
"Order not longer exist.","Order not longer exist."
"Orders","Orders"
"Original Magento attribute names in first row:","Original Magento attribute names in first row:"
"PEAR Configuration was successfully saved","PEAR Configuration was successfully saved"
"PEAR Console","PEAR Console"
"PEAR config","PEAR config"
"PHP Version","PHP Version"
"Package","Package"
"Package %s data was successfully loaded","Package %s data was successfully loaded"
"Package Extensions","Package Extensions"
"Package File Name","Package File Name"
"Package Info","Package Info"
"Package Information","Package Information"
"Packages","Packages"
"Page","Page"
"Parent Product Thumbnail","Parent Product Thumbnail"
"Passive mode","Passive mode"
"Password","Password"
"Password Confirmation","Password Confirmation"
"Password:","Password:"
"Path","Path"
"Path:","Path:"
"PayPal Email","PayPal Email"
"Payment Data Transfer (PDT)","Payment Data Transfer (PDT)"
"Payment method instance is not available","Payment method instance is not available"
"Payment method is not available","Payment method is not available"
"Payment method must be specified","Payment method must be specified"
"Pending Tags","Pending Tags"
"Pending installation...","Pending installation..."
"Per Item","Per Item"
"Per Order","Per Order"
"Percent","Percent"
"Performed At","Performed At"
"Period","Period"
"Permanent (301)","Permanent (301)"
"Permissions","Permissions"
"Personal Information","Personal Information"
"Phone:","Phone:"
"Please confirm site switching. All data that hasn\'t been saved will be lost.","Please confirm site switching. All data that hasn\'t been saved will be lost."
"Please enter 6 or more characters.","Please enter 6 or more characters."
"Please enter a number greater than 0 in this field.","Please enter a number greater than 0 in this field."
"Please enter a valid $ amount. For example $100.00.","Please enter a valid $ amount. For example $100.00."
"Please enter a valid URL. For example http://www.example.com or www.example.com","Please enter a valid URL. For example http://www.example.com or www.example.com"
"Please enter a valid URL. http:// is required","Please enter a valid URL. http:// is required"
"Please enter a valid credit card number.","Please enter a valid credit card number."
"Please enter a valid date.","Please enter a valid date."
"Please enter a valid email address. For example johndoe@domain.com.","Please enter a valid email address. For example johndoe@domain.com."
"Please enter a valid number in this field.","Please enter a valid number in this field."
"Please enter a valid phone number. For example (123) 456-7890 or 123-456-7890.","Please enter a valid phone number. For example (123) 456-7890 or 123-456-7890."
"Please enter a valid social security number. For example 123-45-6789.","Please enter a valid social security number. For example 123-45-6789."
"Please enter a valid value from list","Please enter a valid value from list"
"Please enter a valid value, ex: 10,20,30","Please enter a valid value, ex: 10,20,30"
"Please enter a valid zip code.","Please enter a valid zip code."
"Please enter a valid zip code. For example 90602 or 90602-1234.","Please enter a valid zip code. For example 90602 or 90602-1234."
"Please enter valid password.","Please enter valid password."
"Please fill in 'email' field.","Please fill in 'email' field."
"Please make sure that all global admin search modules are installed and activated.","Please make sure that all global admin search modules are installed and activated."
"Please make sure that your changes were saved before running the profile.","Please make sure that your changes were saved before running the profile."
"Please make sure your passwords match.","Please make sure your passwords match."
"Please select State/Province.","Please select State/Province."
"Please select a customer","Please select a customer"
"Please select a store","Please select a store"
"Please select an option.","Please select an option."
"Please select catalog searches","Please select catalog searches"
"Please select customer(s)","Please select customer(s)"
"Please select one of the above options.","Please select one of the above options."
"Please select one of the options.","Please select one of the options."
"Please select review(s)","Please select review(s)"
"Please select tag(s)","Please select tag(s)"
"Please specify admin custom URL","Please specify admin custom URL"
"Please specify at least start or end date.","Please specify at least start or end date."
"Please try to logout and sign in again.","Please try to logout and sign in again."
"Please use in this field only ""a-z,0-9,_"".","Please use in this field only ""a-z,0-9,_""."
"Please use letters only (a-z) in this field.","Please use letters only (a-z) in this field."
"Please use numbers only in this field. please avoid spaces or other characters such as dots or commas.","Please use numbers only in this field. please avoid spaces or other characters such as dots or commas."
"Please use only letters (a-z) or numbers (0-9) only in this field. No spaces or other characters are allowed.","Please use only letters (a-z) or numbers (0-9) only in this field. No spaces or other characters are allowed."
"Please use only letters (a-z) or numbers (0-9) or spaces and # only in this field.","Please use only letters (a-z) or numbers (0-9) or spaces and # only in this field."
"Please use this date format: dd/mm/yyyy. For example 17/03/2006 for the 17th of March, 2006.","Please use this date format: dd/mm/yyyy. For example 17/03/2006 for the 17th of March, 2006."
"Please wait, loading...","Please wait, loading..."
"Please wait...","Please wait..."
"Please, add a few answers to this poll first","Please, add a few answers to this poll first"
"Please, select a store view","Please, select a store view"
"Please, select visible in stores to this poll first","Please, select visible in stores to this poll first"
"Poll Manager","Poll Manager"
"Poll was successfully deleted","Poll was successfully deleted"
"Poll was successfully saved","Poll was successfully saved"
"Position of Watermark for %s","Position of Watermark for %s"
"Preferred state","Preferred state"
"Preparing to change $pkg, please wait...","Preparing to change $pkg, please wait..."
"Prev. month (hold for menu)","Prev. month (hold for menu)"
"Prev. year (hold for menu)","Prev. year (hold for menu)"
"Preview","Preview"
"Preview Template","Preview Template"
"Previous page","Previous page"
"Price","Price"
"Price alert subscription was saved successfully","Price alert subscription was saved successfully"
"Price:","Price:"
"Primary Billing Address","Primary Billing Address"
"Processed <strong>%s%% %s/%d</strong> records","Processed <strong>%s%% %s/%d</strong> records"
"Product","Product"
"Product Thumbnail Itself","Product Thumbnail Itself"
"Product:","Product:"
"Products","Products"
"Profile Action","Profile Action"
"Profile Actions XML","Profile Actions XML"
"Profile Direction","Profile Direction"
"Profile History","Profile History"
"Profile Information","Profile Information"
"Profile Name","Profile Name"
"Profile Wizard","Profile Wizard"
"Profile was deleted","Profile was deleted"
"Profile was successfully saved","Profile was successfully saved"
"Profiles","Profiles"
"Promo","Promo"
"Promotions","Promotions"
"Provided Files","Provided Files"
"Qty","Qty"
"Quantity","Quantity"
"Queue Refresh","Queue Refresh"
"Queued... Cancel","Queued... Cancel"
"Radio Buttons","Radio Buttons"
"Rates","Rates"
"Rating was successfully deleted","Rating was successfully deleted"
"Rating was successfully saved","Rating was successfully saved"
"Read details","Read details"
"Rebuild","Rebuild"
"Rebuild Catalog Index","Rebuild Catalog Index"
"Rebuild Flat Catalog Category","Rebuild Flat Catalog Category"
"Rebuild Flat Catalog Product","Rebuild Flat Catalog Product"
"Recent Orders","Recent Orders"
"Recommended","Recommended"
"Recursive Dir","Recursive Dir"
"Redirect","Redirect"
"Refresh","Refresh"
"Refresh Now*","Refresh Now*"
"Region/State","Region/State"
"Release","Release"
"Release Info","Release Info"
"Release Stability","Release Stability"
"Release Version","Release Version"
"Remote Extension Info","Remote Extension Info"
"Remote FTP","Remote FTP"
"Remote URL:","Remote URL:"
"Remove","Remove"
"Reports","Reports"
"Request Path","Request Path"
"Required","Required"
"Reset","Reset"
"Reset Filter","Reset Filter"
"Resize","Resize"
"Resource Access","Resource Access"
"Resources","Resources"
"Results","Results"
"Retrieve Password","Retrieve Password"
"Return Html Version","Return Html Version"
"Revenue","Revenue"
"Role","Role"
"Role ID","Role ID"
"Role Info","Role Info"
"Role Information","Role Information"
"Role Name","Role Name"
"Role Resources","Role Resources"
"Role Scopes","Role Scopes"
"Role Users","Role Users"
"Role successfully deleted.","Role successfully deleted."
"Role successfully saved.","Role successfully saved."
"Roles","Roles"
"Roles Resources","Roles Resources"
"Rotate CCW","Rotate CCW"
"Rotate CW","Rotate CW"
"Run","Run"
"Run Profile","Run Profile"
"Run Profile In Popup","Run Profile In Popup"
"Run Profile Inside This Window","Run Profile Inside This Window"
"Run in popup","Run in popup"
"Running... Kill","Running... Kill"
"Running:","Running:"
"SKU","SKU"
"SKU:","SKU:"
"SSL Error: Invalid or self-signed certificate","SSL Error: Invalid or self-signed certificate"
"Sales Report","Sales Report"
"Samples","Samples"
"Save","Save"
"Save & Generate","Save & Generate"
"Save & Send Email","Save & Send Email"
"Save Account","Save Account"
"Save And Continue Edit","Save And Continue Edit"
"Save As...","Save As..."
"Save Config","Save Config"
"Save Currency Rates","Save Currency Rates"
"Save PEAR Config","Save PEAR Config"
"Save Profile","Save Profile"
"Save Role","Save Role"
"Save Template","Save Template"
"Save User","Save User"
"Save and Continue Editing","Save and Continue Editing"
"Save cache settings","Save cache settings"
"Save data and Create Package","Save data and Create Package"
"Save package with custom package file name","Save package with custom package file name"
"Schedule Merge","Schedule Merge"
"Search","Search"
"Search Index","Search Index"
"Search Index rebuild error. Please try again later","Search Index rebuild error. Please try again later"
"Search Index was rebuilt successfully","Search Index was rebuilt successfully"
"Search Term","Search Term"
"Search Terms","Search Terms"
"Select","Select"
"Select All","Select All"
"Select Category","Select Category"
"Select Date","Select Date"
"Select Range","Select Range"
"Select Visible","Select Visible"
"Select date","Select date"
"Select website to map","Select website to map"
"Selected allow currency ""%s"" is not available in installed currencies","Selected allow currency ""%s"" is not available in installed currencies"
"Selected base currency is not available in installed currencies","Selected base currency is not available in installed currencies"
"Selected default display currency is not available in allowed currencies","Selected default display currency is not available in allowed currencies"
"Selected default display currency is not available in installed currencies","Selected default display currency is not available in installed currencies"
"Sender","Sender"
"Separate email","Separate email"
"Shipment #%s comment added","Shipment #%s comment added"
"Shipment #%s created","Shipment #%s created"
"Shipment Comments","Shipment Comments"
"Shipment History","Shipment History"
"Shipment was successfully created.","Shipment was successfully created."
"Shipment was successfully sent.","Shipment was successfully sent."
"Shipping","Shipping"
"Shipping Address","Shipping Address"
"Shipping Price","Shipping Price"
"Shipping address","Shipping address"
"Shipping address selection is not applicable","Shipping address selection is not applicable"
"Shipping method must be specified","Shipping method must be specified"
"Shipping method selection is not applicable","Shipping method selection is not applicable"
"Shipping origin","Shipping origin"
"Shopping Cart from %s","Shopping Cart from %s"
"Show Report for","Show Report for"
"Show by","Show by"
"Show reviews","Show reviews"
"Sitemap Information","Sitemap Information"
"Size for %s","Size for %s"
"Skip category selection","Skip category selection"
"Some items in this order have different invoice and shipment types. You can create shipment only after the invoice is created.","Some items in this order have different invoice and shipment types. You can create shipment only after the invoice is created."
"Some of the ordered items don\'t exist in the catalog anymore and will be removed if you try to edit the order.","Some of the ordered items don\'t exist in the catalog anymore and will be removed if you try to edit the order."
"Sorry, this feature is coming soon...","Sorry, this feature is coming soon..."
"Sort Order","Sort Order"
"Specific Countries","Specific Countries"
"Spreadsheet Name:","Spreadsheet Name:"
"Stability","Stability"
"Staging Store: ","Staging Store: "
"Staging Website - Merge Configuration","Staging Website - Merge Configuration"
"Staging Website: ","Staging Website: "
"Start Date","Start Date"
"Starting profile execution, please wait...","Starting profile execution, please wait..."
"State/Province:","State/Province:"
"Status","Status"
"Status:","Status:"
"Stock Quantity:","Stock Quantity:"
"Stock notification was saved successfully","Stock notification was saved successfully"
"Store","Store"
"Store Credit","Store Credit"
"Store Email Addresses Section","Store Email Addresses Section"
"Store View","Store View"
"Store:","Store:"
"Store: ","Store: "
"Subject","Subject"
"Submit","Submit"
"Subpackage","Subpackage"
"Subpackage can't be conflicting","Subpackage can't be conflicting"
"Subpackages","Subpackages"
"Subtotal","Subtotal"
"Subtotal Amount","Subtotal Amount"
"Summary","Summary"
"Summary:","Summary:"
"Switch/Solo Only","Switch/Solo Only"
"Switch/Solo card issue number: %s","Switch/Solo card issue number: %s"
"Switch/Solo card start Date: %s/%s","Switch/Solo card start Date: %s/%s"
"Switch/Solo/Maestro(UK Domestic) Only","Switch/Solo/Maestro(UK Domestic) Only"
"Switch/Solo/Maestro(UK Domestic) card issue number: %s","Switch/Solo/Maestro(UK Domestic) card issue number: %s"
"Switch/Solo/Maestro(UK Domestic) card start Date: %s/%s","Switch/Solo/Maestro(UK Domestic) card start Date: %s/%s"
"System","System"
"System Section","System Section"
"Tag was successfully deleted","Tag was successfully deleted"
"Tag was successfully saved","Tag was successfully saved"
"Tags","Tags"
"Target Path","Target Path"
"Tax","Tax"
"Tb","Tb"
"Template","Template"
"Template Content","Template Content"
"Template Information","Template Information"
"Template Name","Template Name"
"Template Subject","Template Subject"
"Template Type","Template Type"
"Temporary (302)","Temporary (302)"
"Text","Text"
"The archive can be uncompressed with <a href=""%s"">%s</a> on Windows systems","The archive can be uncompressed with <a href=""%s"">%s</a> on Windows systems"
"The information in this tab has been changed.","The information in this tab has been changed."
"This account is","This account is"
"This account is inactive.","This account is inactive."
"This attribute set don\'t have attributes which we can use for configurable product","This attribute set don\'t have attributes which we can use for configurable product"
"This attribute shares the same value in all the stores","This attribute shares the same value in all the stores"
"This is a demo store. Any orders placed through this store will not be honored or fulfilled.","This is a demo store. Any orders placed through this store will not be honored or fulfilled."
"This is a required field.","This is a required field."
"This product is currently disabled","This product is currently disabled"
"This section is not allowed.","This section is not allowed."
"This tab contains invalid data. Please solve the problem before saving.","This tab contains invalid data. Please solve the problem before saving."
"This user no longer exists","This user no longer exists"
"Thumbnail","Thumbnail"
"Time","Time"
"Time selection:","Time selection:"
"Time:","Time:"
"To","To"
"Toggle Editor","Toggle Editor"
"Tools","Tools"
"Top 5 Search Terms","Top 5 Search Terms"
"Total","Total"
"Total %d records found","Total %d records found"
"Total Amount","Total Amount"
"Total Invoiced","Total Invoiced"
"Total Order Amount","Total Order Amount"
"Total Refunded","Total Refunded"
"Total of %d record(s) were successfully deleted","Total of %d record(s) were successfully deleted"
"Total of %d record(s) were successfully updated","Total of %d record(s) were successfully updated"
"Track order","Track order"
"Track this shipment","Track this shipment"
"Tracking number %s for %s assigned","Tracking number %s for %s assigned"
"Tracking number can not be empty.","Tracking number can not be empty."
"Transactional Emails","Transactional Emails"
"Type","Type"
"Type:","Type:"
"URL Rewrite Information","URL Rewrite Information"
"URL Rewrite Management","URL Rewrite Management"
"URL Rewrite has been successfully deleted","URL Rewrite has been successfully deleted"
"URL Rewrite has been successfully saved","URL Rewrite has been successfully saved"
"Unable to find a poll to delete","Unable to find a poll to delete"
"Unable to find a tag to delete","Unable to find a tag to delete"
"Unable to find a user to delete","Unable to find a user to delete"
"Unable to initialize import model","Unable to initialize import model"
"Unable to save Cron expression","Unable to save Cron expression"
"Uninstall","Uninstall"
"Uninstalling $pkg, please wait...","Uninstalling $pkg, please wait..."
"Uninstalling selected packages, please wait...","Uninstalling selected packages, please wait..."
"Unknown","Unknown"
"Unknown error","Unknown error"
"Unlimited","Unlimited"
"Unselect All","Unselect All"
"Unselect Visible","Unselect Visible"
"Update","Update"
"Updated At","Updated At"
"Upgrade","Upgrade"
"Upgrade All Available Packages","Upgrade All Available Packages"
"Upgrade all available packages","Upgrade all available packages"
"Upgrade all packages","Upgrade all packages"
"Upgrading $pkg, please wait...","Upgrading $pkg, please wait..."
"Upgrading all available packages, please wait...","Upgrading all available packages, please wait..."
"Upgrading all packages, please wait...","Upgrading all packages, please wait..."
"Upgrading selected packages, please wait...","Upgrading selected packages, please wait..."
"Upload File","Upload File"
"Upload Files","Upload Files"
"Upload HTTP Error","Upload HTTP Error"
"Upload I/O Error","Upload I/O Error"
"Upload Local File","Upload Local File"
"Upload Security Error","Upload Security Error"
"Upload and Install","Upload and Install"
"Upload import file","Upload import file"
"Upload local file:","Upload local file:"
"Use Config Settings","Use Config Settings"
"Use Default Value","Use Default Value"
"Use Store Credit (%s available)","Use Store Credit (%s available)"
"Use default","Use default"
"Use website","Use website"
"User","User"
"User Email","User Email"
"User ID","User ID"
"User Info","User Info"
"User Information","User Information"
"User Name","User Name"
"User Name:","User Name:"
"User Role","User Role"
"User Roles","User Roles"
"User Roles Information","User Roles Information"
"User name","User name"
"User was successfully deleted","User was successfully deleted"
"User was successfully saved","User was successfully saved"
"User with the same User Name or Email aleady exists","User with the same User Name or Email aleady exists"
"Users","Users"
"Value","Value"
"Value Delimiter:","Value Delimiter:"
"Version","Version"
"Version:","Version:"
"View","View"
"View Actions XML","View Actions XML"
"View Statistics for","View Statistics for"
"Visibility:","Visibility:"
"Warning! Empty value can cause problems with CSV format.","Warning! Empty value can cause problems with CSV format."
"Warning!\r\nThis action will remove this user from already assigned role\r\nAre you sure?","Warning!\r\nThis action will remove this user from already assigned role\r\nAre you sure?"
"Warning!\r\nThis action will remove those users from already assigned roles\r\nAre you sure?","Warning!\r\nThis action will remove those users from already assigned roles\r\nAre you sure?"
"Warning: Please don't close window during importing/exporting data","Warning: Please don't close window during importing/exporting data"
"Watermark File for %s","Watermark File for %s"
"We detected that your JavaScript seem to be disabled.","We detected that your JavaScript seem to be disabled."
"We\'re in our typing table, coding away more features for Magento. Thank you for your patience.","We\'re in our typing table, coding away more features for Magento. Thank you for your patience."
"Web Section","Web Section"
"Web Services","Web Services"
"Web services","Web services"
"Website","Website"
"Website: ","Website: "
"What is this?","What is this?"
"Wishlist Report","Wishlist Report"
"Wrong column format","Wrong column format"
"Wrong newsletter template.","Wrong newsletter template."
"Wrong tab configuration","Wrong tab configuration"
"XML","XML"
"YTD","YTD"
"Year","Year"
"Yes","Yes"
"Yes (only price with tax)","Yes (only price with tax)"
"You can not delete self assigned roles.","You can not delete self assigned roles."
"You cannot delete account of yourself","You cannot delete account of yourself"
"You have","You have"
"You have not enought permissions to login.","You have not enought permissions to login."
"You have not enought permissions to use this functionality.","You have not enought permissions to use this functionality."
"You must have JavaScript enabled in your browser to utilize the functionality of this website.","You must have JavaScript enabled in your browser to utilize the functionality of this website."
"You need specify carrier.","You need specify carrier."
"You need to specify order items","You need to specify order items"
"You successfully logged out.","You successfully logged out."
"Your answers contain duplicates.","Your answers contain duplicates."
"Your server PHP settings allow you to upload files not more than %s at a time. Please modify post_max_size (currently is %s) and upload_max_filesize (currently is %s) values in php.ini if you want to upload larger files.","Your server PHP settings allow you to upload files not more than %s at a time. Please modify post_max_size (currently is %s) and upload_max_filesize (currently is %s) values in php.ini if you want to upload larger files."
"Zip/Postal Code","Zip/Postal Code"
"Zip/Postal Code:","Zip/Postal Code:"
"[ deleted ]","[ deleted ]"
"[deleted]","[deleted]"
"b","b"
"close","close"
"critical","critical"
"example: ""sitemap/"" or ""/"" for base path (path must be writeable)","example: ""sitemap/"" or ""/"" for base path (path must be writeable)"
"example: sitemap.xml","example: sitemap.xml"
"from","from"
"images/logo.gif","images/logo.gif"
"items selected","items selected"
"major","major"
"md5sum","md5sum"
"minor","minor"
"notice","notice"
"of %s pages","of %s pages"
"or","or"
"per page","per page"
"store(%s) scope","store(%s) scope"
"to","to"
"website(%s) scope","website(%s) scope"
"{{base_url}} is not recommended to use in a production environment to declare the Base Unsecure URL / Base Secure URL. It is highly recommended to change this value in your Magento <a href=""%s"">configuration</a>.","{{base_url}} is not recommended to use in a production environment to declare the Base Unsecure URL / Base Secure URL. It is highly recommended to change this value in your Magento <a href=""%s"">configuration</a>."
